timestamp,raw_score,coverage,p4h,p8h,actual4h,actual8h
2025-09-01T17:00:00+00:00,-0.091962,0.5556,0.538603,0.605342,,BEARISH
2025-09-02T17:00:00+00:00,-0.117734,0.8611,0.537623,0.605435,BULLISH,BULLISH
2025-09-03T17:00:00+00:00,0.246714,0.8611,0.55144,0.604119,BULLISH,BULLISH
2025-09-04T17:00:00+00:00,0.171286,1.0,0.548586,0.604391,BULLISH,BULLISH
2025-09-05T17:00:00+00:00,0.206231,1.0,0.549909,0.604265,BULLISH,
2025-09-08T17:00:00+00:00,0.079272,1.0,0.545101,0.604724,BEARISH,NEUTRAL
2025-09-09T17:00:00+00:00,0.37525,1.0,0.556295,0.603654,BULLISH,BULLISH
2025-09-10T17:00:00+00:00,-0.07132,1.0,0.539387,0.605268,BEARISH,BEARISH
2025-09-11T17:00:00+00:00,0.130453,1.0,0.54704,0.604539,NEUTRAL,NEUTRAL
2025-09-12T17:00:00+00:00,0.38589,1.0,0.556696,0.603615,NEUTRAL,
2025-09-15T17:00:00+00:00,0.009286,1.0,0.542446,0.604977,BULLISH,BULLISH
2025-09-16T17:00:00+00:00,0.200586,1.0,0.549695,0.604285,NEUTRAL,BULLISH
2025-09-17T17:00:00+00:00,-0.0104,1.0,0.541699,0.605048,BULLISH,BULLISH
2025-09-18T17:00:00+00:00,0.310666,1.0,0.553857,0.603887,BEARISH,BEARISH
2025-09-19T17:00:00+00:00,0.163383,1.0,0.548287,0.60442,BULLISH,
2025-09-22T17:00:00+00:00,0.340301,1.0,0.554976,0.60378,NEUTRAL,NEUTRAL
2025-09-23T17:00:00+00:00,-0.081588,1.0,0.538997,0.605305,BEARISH,BEARISH
2025-09-24T17:00:00+00:00,-0.107416,1.0,0.538015,0.605398,BULLISH,BULLISH
2025-09-25T17:00:00+00:00,-0.011553,1.0,0.541656,0.605052,NEUTRAL,NEUTRAL
2025-09-26T17:00:00+00:00,0.292528,1.0,0.553172,0.603953,BULLISH,
2025-09-29T17:00:00+00:00,0.023465,1.0,0.542984,0.604925,BEARISH,NEUTRAL
2025-09-30T17:00:00+00:00,0.159492,1.0,0.54814,0.604434,BULLISH,NEUTRAL
2025-10-01T17:00:00+00:00,0.381139,1.0,0.556517,0.603632,BULLISH,BULLISH
2025-10-02T17:00:00+00:00,0.324137,1.0,0.554366,0.603839,BULLISH,BULLISH
2025-10-03T17:00:00+00:00,0.059734,1.0,0.54436,0.604794,BEARISH,
2025-10-06T17:00:00+00:00,0.254672,1.0,0.551741,0.60409,BEARISH,BEARISH
2025-10-07T17:00:00+00:00,-0.168283,1.0,0.535702,0.605618,BULLISH,BULLISH
2025-10-08T17:00:00+00:00,0.344608,1.0,0.555139,0.603765,BULLISH,BULLISH
2025-10-09T17:00:00+00:00,-0.034516,1.0,0.540784,0.605135,BULLISH,BULLISH
2025-10-10T17:00:00+00:00,-0.391387,1.0,0.52721,0.606423,BEARISH,
2025-10-13T17:00:00+00:00,0.724546,1.0,0.569432,0.60239,BEARISH,BULLISH
2025-10-14T17:00:00+00:00,0.638709,1.0,0.566212,0.602701,BEARISH,BEARISH
2025-10-15T17:00:00+00:00,-0.008541,1.0,0.54177,0.605041,BULLISH,NEUTRAL
2025-10-16T17:00:00+00:00,-0.433933,1.0,0.525588,0.606577,BEARISH,BEARISH
2025-10-17T17:00:00+00:00,0.586939,1.0,0.564267,0.602888,BULLISH,
2025-10-20T17:00:00+00:00,0.133748,1.0,0.547165,0.604527,NEUTRAL,BULLISH
2025-10-21T17:00:00+00:00,0.186459,1.0,0.54916,0.604336,BEARISH,BEARISH
2025-10-22T17:00:00+00:00,-0.103487,1.0,0.538165,0.605384,BULLISH,BULLISH
2025-10-23T17:00:00+00:00,0.332909,1.0,0.554697,0.603807,BULLISH,BULLISH
2025-10-24T17:00:00+00:00,0.109267,1.0,0.546237,0.604615,BEARISH,
2025-10-27T17:00:00+00:00,0.281915,1.0,0.552771,0.603991,BULLISH,BULLISH
2025-10-28T17:00:00+00:00,0.399161,1.0,0.557197,0.603567,BULLISH,BULLISH
2025-10-29T17:00:00+00:00,0.131108,1.0,0.547065,0.604536,BEARISH,BULLISH
2025-10-30T17:00:00+00:00,0.122373,1.0,0.546734,0.604568,BULLISH,BULLISH
2025-10-31T17:00:00+00:00,-0.350476,1.0,0.528768,0.606275,BULLISH,
2025-11-03T17:00:00+00:00,0.307831,1.0,0.55375,0.603898,NEUTRAL,BEARISH
2025-11-04T17:00:00+00:00,-0.293793,1.0,0.530927,0.606071,BEARISH,BEARISH
2025-11-05T17:00:00+00:00,0.508771,1.0,0.561327,0.603171,BEARISH,BEARISH
2025-11-06T17:00:00+00:00,-0.56167,1.0,0.520717,0.607037,BULLISH,BULLISH
2025-11-07T17:00:00+00:00,-0.415344,1.0,0.526297,0.60651,BULLISH,
2025-11-10T17:00:00+00:00,-0.017082,1.0,0.541446,0.605072,BULLISH,BULLISH
2025-11-11T17:00:00+00:00,-0.070449,1.0,0.53942,0.605265,BULLISH,BULLISH
2025-11-12T17:00:00+00:00,-0.182545,1.0,0.53516,0.605669,BULLISH,BULLISH
2025-11-13T17:00:00+00:00,-0.449562,1.0,0.524992,0.606633,BEARISH,BEARISH
2025-11-14T17:00:00+00:00,0.549255,1.0,0.56285,0.603024,BEARISH,
2025-11-17T17:00:00+00:00,-0.056034,1.0,0.539967,0.605213,BEARISH,BEARISH
2025-11-18T17:00:00+00:00,0.494049,1.0,0.560773,0.603224,BEARISH,BEARISH
2025-11-19T17:00:00+00:00,-0.220582,1.0,0.533713,0.605807,NEUTRAL,BULLISH
2025-11-20T17:00:00+00:00,-0.350573,1.0,0.528765,0.606276,BEARISH,BEARISH
2025-11-21T17:00:00+00:00,0.605715,1.0,0.564973,0.60282,BEARISH,
2025-11-24T17:00:00+00:00,0.717994,1.0,0.569186,0.602414,BULLISH,BULLISH
2025-11-25T17:00:00+00:00,0.449879,1.0,0.559109,0.603384,BULLISH,BULLISH
2025-11-26T17:00:00+00:00,0.644268,1.0,0.566421,0.60268,BEARISH,BEARISH
2025-11-27T17:00:00+00:00,0.222549,0.7222,0.550526,0.604206,,BULLISH
2025-11-28T17:00:00+00:00,0.256748,1.0,0.551819,0.604082,,
2025-12-01T17:00:00+00:00,0.210081,1.0,0.550054,0.604251,BEARISH,BEARISH
2025-12-02T17:00:00+00:00,-0.545488,1.0,0.521334,0.606979,BULLISH,BULLISH
2025-12-03T17:00:00+00:00,0.11887,1.0,0.546601,0.604581,BULLISH,BULLISH
2025-12-04T17:00:00+00:00,0.214194,1.0,0.55021,0.604236,BEARISH,NEUTRAL
2025-12-05T17:00:00+00:00,-0.253716,1.0,0.532452,0.605926,NEUTRAL,
2025-12-08T17:00:00+00:00,-0.071724,1.0,0.539371,0.605269,BULLISH,BULLISH
2025-12-09T17:00:00+00:00,0.204746,1.0,0.549852,0.60427,NEUTRAL,BEARISH
2025-12-10T17:00:00+00:00,0.168264,1.0,0.548472,0.604402,BULLISH,BULLISH
2025-12-11T17:00:00+00:00,-0.24531,1.0,0.532772,0.605896,BULLISH,BULLISH
2025-12-12T17:00:00+00:00,-0.496351,1.0,0.523209,0.606802,BULLISH,
2025-12-15T17:00:00+00:00,0.395659,1.0,0.557065,0.60358,BEARISH,BEARISH
2025-12-16T17:00:00+00:00,0.022746,1.0,0.542957,0.604928,BULLISH,BEARISH
2025-12-17T17:00:00+00:00,-0.382573,1.0,0.527545,0.606391,BEARISH,BEARISH
2025-12-18T17:00:00+00:00,0.266465,1.0,0.552187,0.604047,BEARISH,BEARISH
2025-12-19T17:00:00+00:00,0.384707,1.0,0.556652,0.60362,BULLISH,
2025-12-22T17:00:00+00:00,0.204695,1.0,0.549851,0.60427,BEARISH,NEUTRAL
2025-12-23T17:00:00+00:00,0.411455,1.0,0.557661,0.603523,BULLISH,BULLISH
2025-12-24T17:00:00+00:00,0.167496,1.0,0.548443,0.604405,,
2025-12-26T17:00:00+00:00,0.025964,1.0,0.543079,0.604916,NEUTRAL,
2025-12-29T17:00:00+00:00,-0.031411,1.0,0.540902,0.605124,BULLISH,NEUTRAL
2025-12-30T17:00:00+00:00,0.258419,1.0,0.551882,0.604076,BEARISH,BEARISH
2025-12-31T17:00:00+00:00,0.127799,1.0,0.546939,0.604548,BEARISH,
2026-01-02T17:00:00+00:00,-0.09922,1.0,0.538327,0.605368,BULLISH,
2026-01-05T17:00:00+00:00,0.111659,1.0,0.546328,0.604607,BEARISH,BEARISH
2026-01-06T17:00:00+00:00,-0.126655,1.0,0.537284,0.605468,BULLISH,BULLISH
2026-01-07T17:00:00+00:00,0.11864,1.0,0.546592,0.604581,BEARISH,BEARISH
2026-01-08T17:00:00+00:00,-0.17289,1.0,0.535527,0.605634,NEUTRAL,NEUTRAL
2026-01-09T17:00:00+00:00,0.215851,1.0,0.550273,0.60423,BULLISH,
2026-01-12T17:00:00+00:00,0.148718,1.0,0.547732,0.604473,NEUTRAL,BEARISH
2026-01-13T17:00:00+00:00,0.347203,1.0,0.555236,0.603755,BEARISH,BEARISH
2026-01-14T17:00:00+00:00,-0.101406,1.0,0.538244,0.605376,BULLISH,BULLISH
2026-01-15T17:00:00+00:00,0.474769,1.0,0.560047,0.603294,BEARISH,BEARISH
2026-01-16T17:00:00+00:00,0.153739,1.0,0.547922,0.604455,BEARISH,
2026-01-19T17:00:00+00:00,0.048398,0.7222,0.54393,0.604835,,BEARISH
2026-01-20T17:00:00+00:00,0.014263,1.0,0.542635,0.604959,BEARISH,BEARISH
2026-01-21T17:00:00+00:00,0.091346,1.0,0.545558,0.60468,BULLISH,BULLISH
2026-01-22T17:00:00+00:00,0.547476,1.0,0.562783,0.603031,NEUTRAL,BEARISH
2026-01-23T17:00:00+00:00,0.12497,1.0,0.546832,0.604559,BEARISH,
2026-01-26T17:00:00+00:00,0.352174,1.0,0.555424,0.603737,BEARISH,NEUTRAL
2026-01-27T17:00:00+00:00,0.32447,1.0,0.554378,0.603837,NEUTRAL,BULLISH
2026-01-28T17:00:00+00:00,-0.034444,1.0,0.540787,0.605135,BULLISH,BULLISH
2026-01-29T17:00:00+00:00,-0.183311,1.0,0.535131,0.605672,BULLISH,BULLISH
2026-01-30T17:00:00+00:00,0.018724,1.0,0.542805,0.604942,BEARISH,
2026-02-02T17:00:00+00:00,0.340834,1.0,0.554996,0.603778,BEARISH,BULLISH
2026-02-03T17:00:00+00:00,-0.499674,1.0,0.523082,0.606814,BEARISH,BEARISH
2026-02-04T17:00:00+00:00,-0.389834,1.0,0.527269,0.606417,BEARISH,BULLISH
2026-02-05T17:00:00+00:00,0.406579,1.0,0.557477,0.60354,BEARISH,BEARISH
2026-02-06T17:00:00+00:00,0.673256,1.0,0.567509,0.602575,BULLISH,
2026-02-09T17:00:00+00:00,0.519095,1.0,0.561716,0.603133,BEARISH,BEARISH
2026-02-10T17:00:00+00:00,-0.169759,1.0,0.535646,0.605623,BEARISH,BEARISH
2026-02-11T17:00:00+00:00,0.393009,1.0,0.556965,0.60359,BULLISH,BULLISH
2026-02-12T17:00:00+00:00,-0.667036,1.0,0.516696,0.607417,BEARISH,BEARISH
2026-02-13T17:00:00+00:00,0.367852,1.0,0.556016,0.603681,BEARISH,
2026-02-16T17:00:00+00:00,0.23093,0.7222,0.550843,0.604176,,BULLISH
2026-02-17T17:00:00+00:00,0.590055,1.0,0.564384,0.602877,BULLISH,BEARISH
2026-02-18T17:00:00+00:00,0.223133,1.0,0.550548,0.604204,BEARISH,BEARISH
2026-02-19T17:00:00+00:00,-0.012924,1.0,0.541604,0.605057,BULLISH,BULLISH
2026-02-20T17:00:00+00:00,0.167489,1.0,0.548442,0.604405,BEARISH,
2026-02-23T17:00:00+00:00,-0.343154,1.0,0.529047,0.606249,BULLISH,BULLISH
2026-02-24T17:00:00+00:00,0.401814,1.0,0.557297,0.603558,NEUTRAL,BULLISH
2026-02-25T17:00:00+00:00,0.147962,1.0,0.547703,0.604475,BULLISH,NEUTRAL
2026-02-26T17:00:00+00:00,0.133145,1.0,0.547142,0.604529,BULLISH,BULLISH
2026-02-27T17:00:00+00:00,0.016524,1.0,0.542721,0.60495,BULLISH,
2026-03-02T17:00:00+00:00,0.26069,1.0,0.551968,0.604068,NEUTRAL,BEARISH
2026-03-03T17:00:00+00:00,0.185024,1.0,0.549106,0.604342,BULLISH,BULLISH
2026-03-04T17:00:00+00:00,0.010852,1.0,0.542506,0.604971,BEARISH,BULLISH
2026-03-05T17:00:00+00:00,-0.076606,1.0,0.539186,0.605287,NEUTRAL,BULLISH
2026-03-06T17:00:00+00:00,-0.044082,1.0,0.540421,0.605169,BEARISH,
2026-03-09T17:00:00+00:00,0.445596,1.0,0.558948,0.603399,BULLISH,BULLISH
2026-03-10T17:00:00+00:00,0.142295,1.0,0.547488,0.604496,BEARISH,BEARISH
2026-03-11T17:00:00+00:00,0.058081,1.0,0.544297,0.6048,BEARISH,BEARISH
2026-03-12T17:00:00+00:00,-0.107649,1.0,0.538007,0.605399,BEARISH,BEARISH
2026-03-13T17:00:00+00:00,-0.372899,1.0,0.527914,0.606356,BEARISH,
2026-03-16T17:00:00+00:00,-0.102145,1.0,0.538216,0.605379,BEARISH,BEARISH
2026-03-17T17:00:00+00:00,0.218697,1.0,0.55038,0.60422,BULLISH,BULLISH
2026-03-18T17:00:00+00:00,-0.007175,1.0,0.541822,0.605036,BEARISH,BEARISH
2026-03-19T17:00:00+00:00,0.026441,1.0,0.543097,0.604915,BULLISH,BULLISH
2026-03-20T17:00:00+00:00,0.01399,1.0,0.542625,0.60496,BEARISH,
2026-03-23T17:00:00+00:00,-0.363902,1.0,0.528257,0.606324,BULLISH,BEARISH
2026-03-24T17:00:00+00:00,-0.051095,1.0,0.540155,0.605195,BULLISH,BULLISH
2026-03-25T17:00:00+00:00,0.056948,1.0,0.544254,0.604804,BEARISH,BEARISH
2026-03-26T17:00:00+00:00,-0.403092,1.0,0.526764,0.606465,BEARISH,BEARISH
2026-03-27T17:00:00+00:00,-0.653071,1.0,0.517229,0.607367,BEARISH,
2026-03-30T17:00:00+00:00,-0.334083,1.0,0.529393,0.606216,BEARISH,BEARISH
2026-03-31T17:00:00+00:00,0.791809,1.0,0.571951,0.602146,BULLISH,BULLISH
2026-04-01T17:00:00+00:00,0.449574,1.0,0.559098,0.603385,BEARISH,BEARISH
2026-04-02T17:00:00+00:00,-0.330753,1.0,0.529519,0.606204,BULLISH,BULLISH
2026-04-06T17:00:00+00:00,-0.013374,1.0,0.541587,0.605058,BULLISH,NEUTRAL
2026-04-07T17:00:00+00:00,0.355749,1.0,0.555559,0.603724,BULLISH,BULLISH
2026-04-08T17:00:00+00:00,0.677609,1.0,0.567672,0.60256,BEARISH,BEARISH
2026-04-09T17:00:00+00:00,0.540778,1.0,0.562531,0.603055,BULLISH,BULLISH
2026-04-10T17:00:00+00:00,-0.085277,1.0,0.538857,0.605318,BULLISH,
2026-04-13T17:00:00+00:00,0.405484,1.0,0.557436,0.603544,BULLISH,BULLISH
2026-04-14T17:00:00+00:00,0.431533,1.0,0.558418,0.60345,BULLISH,BULLISH
2026-04-15T17:00:00+00:00,0.204325,1.0,0.549837,0.604272,BULLISH,BULLISH
2026-04-16T17:00:00+00:00,0.170645,1.0,0.548562,0.604394,NEUTRAL,BULLISH
2026-04-17T17:00:00+00:00,0.077093,1.0,0.545018,0.604732,BEARISH,
2026-04-20T17:00:00+00:00,0.067095,1.0,0.544639,0.604768,BULLISH,BULLISH
2026-04-21T17:00:00+00:00,-0.127504,1.0,0.537252,0.605471,BULLISH,BULLISH
2026-04-22T17:00:00+00:00,0.064817,1.0,0.544553,0.604776,BULLISH,BULLISH
2026-04-23T17:00:00+00:00,0.014404,1.0,0.542641,0.604958,BEARISH,BULLISH
2026-04-24T17:00:00+00:00,0.242086,1.0,0.551265,0.604135,BULLISH,
2026-04-27T17:00:00+00:00,0.284328,1.0,0.552862,0.603983,BULLISH,BULLISH
2026-04-28T17:00:00+00:00,-0.078978,1.0,0.539096,0.605295,BULLISH,BULLISH
2026-04-29T17:00:00+00:00,-0.3623,1.0,0.528318,0.606318,BEARISH,BULLISH
2026-04-30T17:00:00+00:00,-0.064023,1.0,0.539664,0.605241,BULLISH,BULLISH
2026-05-01T17:00:00+00:00,0.073573,1.0,0.544885,0.604744,BEARISH,
2026-05-04T17:00:00+00:00,-0.263739,1.0,0.532071,0.605962,BULLISH,BULLISH
2026-05-05T17:00:00+00:00,0.0017,1.0,0.542159,0.605004,BULLISH,BULLISH
2026-05-06T17:00:00+00:00,0.216688,1.0,0.550304,0.604227,BULLISH,BULLISH
2026-05-07T17:00:00+00:00,0.008642,1.0,0.542422,0.604979,BEARISH,BULLISH
2026-05-08T17:00:00+00:00,0.264955,1.0,0.552129,0.604053,BULLISH,
2026-05-11T17:00:00+00:00,0.139774,1.0,0.547393,0.604505,NEUTRAL,BEARISH
2026-05-12T17:00:00+00:00,-0.223488,1.0,0.533602,0.605817,BULLISH,BULLISH
2026-05-13T17:00:00+00:00,0.402482,1.0,0.557322,0.603555,BULLISH,BULLISH
2026-05-14T17:00:00+00:00,0.032534,1.0,0.543328,0.604893,BEARISH,BEARISH
2026-05-15T17:00:00+00:00,-0.084431,1.0,0.538889,0.605315,BEARISH,
2026-05-18T17:00:00+00:00,-0.377035,1.0,0.527757,0.606371,BULLISH,BULLISH
2026-05-19T17:00:00+00:00,0.225337,1.0,0.550631,0.604196,BEARISH,BEARISH
2026-05-20T17:00:00+00:00,-0.076948,1.0,0.539173,0.605288,BULLISH,BEARISH
2026-05-21T17:00:00+00:00,0.187155,1.0,0.549187,0.604334,BULLISH,BULLISH
2026-05-22T17:00:00+00:00,-0.087728,1.0,0.538763,0.605327,BEARISH,
2026-05-25T17:00:00+00:00,0.015781,0.7222,0.542693,0.604953,,BEARISH
2026-05-26T17:00:00+00:00,0.126306,1.0,0.546883,0.604554,BULLISH,BULLISH
2026-05-27T17:00:00+00:00,0.3493,1.0,0.555316,0.603748,BULLISH,BULLISH
2026-05-28T17:00:00+00:00,0.281114,1.0,0.55274,0.603994,NEUTRAL,BEARISH
2026-05-29T17:00:00+00:00,0.202446,1.0,0.549765,0.604279,NEUTRAL,
2026-06-01T17:00:00+00:00,0.135259,1.0,0.547222,0.604521,BEARISH,BEARISH
2026-06-02T17:00:00+00:00,-0.023655,1.0,0.541196,0.605096,BULLISH,BULLISH
2026-06-03T17:00:00+00:00,-0.303675,1.0,0.530551,0.606107,BEARISH,BEARISH
2026-06-04T17:00:00+00:00,0.053402,1.0,0.54412,0.604817,BEARISH,BEARISH
2026-06-05T17:00:00+00:00,-0.577752,1.0,0.520104,0.607095,BEARISH,
2026-06-08T17:00:00+00:00,-0.053039,1.0,0.540081,0.605202,BEARISH,BEARISH
2026-06-09T17:00:00+00:00,-0.645314,1.0,0.517525,0.607339,BULLISH,BULLISH
2026-06-10T17:00:00+00:00,-0.334374,1.0,0.529382,0.606217,BEARISH,BEARISH
2026-06-11T17:00:00+00:00,0.213866,1.0,0.550198,0.604237,BULLISH,BULLISH
2026-06-12T17:00:00+00:00,0.082527,1.0,0.545224,0.604712,NEUTRAL,
2026-06-15T17:00:00+00:00,0.34461,1.0,0.555139,0.603765,BEARISH,BEARISH
2026-06-16T17:00:00+00:00,0.013725,1.0,0.542615,0.604961,BEARISH,BEARISH
2026-06-17T17:00:00+00:00,0.209909,1.0,0.550048,0.604252,BEARISH,BEARISH
2026-06-18T17:00:00+00:00,0.292994,1.0,0.553189,0.603951,BULLISH,BEARISH
2026-06-19T17:00:00+00:00,0.175278,0.7222,0.548737,0.604377,,
2026-06-22T17:00:00+00:00,0.119144,1.0,0.546611,0.60458,BULLISH,NEUTRAL
2026-06-23T17:00:00+00:00,0.105606,1.0,0.546099,0.604629,BEARISH,BEARISH
2026-06-24T17:00:00+00:00,-0.107885,1.0,0.537998,0.6054,BULLISH,BULLISH
2026-06-25T17:00:00+00:00,0.221301,1.0,0.550479,0.60421,BULLISH,BEARISH
2026-06-26T17:00:00+00:00,0.068282,1.0,0.544684,0.604763,BEARISH,
2026-06-29T17:00:00+00:00,0.317162,1.0,0.554102,0.603864,BULLISH,BULLISH
2026-06-30T17:00:00+00:00,0.374774,1.0,0.556277,0.603655,BEARISH,NEUTRAL
2026-07-01T17:00:00+00:00,-0.41521,1.0,0.526302,0.606509,BEARISH,BEARISH
2026-07-02T17:00:00+00:00,-0.486066,1.0,0.523601,0.606765,BULLISH,BULLISH
2026-07-03T17:00:00+00:00,-0.10452,0.7222,0.538125,0.605388,,
2026-07-06T17:00:00+00:00,0.158211,1.0,0.548091,0.604438,BEARISH,BEARISH
2026-07-07T17:00:00+00:00,0.399886,1.0,0.557224,0.603565,BEARISH,NEUTRAL
2026-07-08T17:00:00+00:00,0.317358,1.0,0.55411,0.603863,BULLISH,BULLISH
2026-07-09T17:00:00+00:00,0.197177,1.0,0.549566,0.604298,BULLISH,BEARISH
2026-07-10T17:00:00+00:00,0.240838,1.0,0.551218,0.60414,BULLISH,
2026-07-13T17:00:00+00:00,-0.484131,1.0,0.523675,0.606758,BEARISH,NEUTRAL
2026-07-14T17:00:00+00:00,-0.125937,1.0,0.537312,0.605465,BEARISH,BULLISH
2026-07-15T17:00:00+00:00,-0.159616,1.0,0.536031,0.605587,BULLISH,BULLISH
2026-07-16T17:00:00+00:00,-0.332632,1.0,0.529448,0.606211,BEARISH,BEARISH
2026-07-17T17:00:00+00:00,0.008883,1.0,0.542431,0.604978,BEARISH,
2026-07-20T17:00:00+00:00,0.251317,1.0,0.551614,0.604102,BEARISH,BEARISH
2026-07-21T17:00:00+00:00,0.163573,1.0,0.548294,0.604419,BEARISH,BEARISH
2026-07-22T17:00:00+00:00,0.006164,1.0,0.542328,0.604988,BEARISH,BEARISH
2026-07-23T17:00:00+00:00,0.132779,1.0,0.547128,0.60453,BULLISH,BULLISH
2026-07-24T17:00:00+00:00,-0.058961,1.0,0.539856,0.605223,BEARISH,
2026-07-27T17:00:00+00:00,0.014142,1.0,0.542631,0.604959,BULLISH,BULLISH
2026-07-28T17:00:00+00:00,0.125951,1.0,0.546869,0.604555,BEARISH,BEARISH
2026-07-29T17:00:00+00:00,0.057148,1.0,0.544262,0.604804,BEARISH,BEARISH
2026-07-30T17:00:00+00:00,0.492754,1.0,0.560724,0.603229,BULLISH,BULLISH
2026-07-31T17:00:00+00:00,0.480758,1.0,0.560272,0.603272,BEARISH,
2026-08-03T17:00:00+00:00,0.197189,1.0,0.549567,0.604298,BULLISH,BULLISH
2026-08-04T17:00:00+00:00,0.390258,1.0,0.556861,0.603599,BULLISH,BULLISH
2026-08-05T17:00:00+00:00,0.249065,1.0,0.551529,0.60411,BEARISH,BEARISH
2026-08-06T17:00:00+00:00,-0.11214,1.0,0.537836,0.605415,BEARISH,NEUTRAL
2026-08-07T17:00:00+00:00,-0.345847,1.0,0.528945,0.606259,BULLISH,
2026-08-10T17:00:00+00:00,-0.002544,1.0,0.541998,0.605019,BEARISH,NEUTRAL
2026-08-11T17:00:00+00:00,-0.340422,1.0,0.529151,0.606239,BULLISH,BULLISH
2026-08-12T17:00:00+00:00,0.25781,1.0,0.551859,0.604078,BEARISH,BEARISH
2026-08-13T17:00:00+00:00,0.245117,1.0,0.551379,0.604124,BULLISH,BEARISH
2026-08-14T17:00:00+00:00,0.158347,1.0,0.548096,0.604438,BULLISH,
2026-08-17T17:00:00+00:00,-0.216477,1.0,0.533869,0.605792,BEARISH,BEARISH
2026-08-18T17:00:00+00:00,-0.128675,1.0,0.537208,0.605475,BEARISH,BEARISH
2026-08-19T17:00:00+00:00,0.138325,1.0,0.547338,0.60451,NEUTRAL,BULLISH
2026-08-20T17:00:00+00:00,0.176301,1.0,0.548776,0.604373,BEARISH,BEARISH
2026-08-21T17:00:00+00:00,0.113896,1.0,0.546413,0.604599,BEARISH,
2026-08-24T17:00:00+00:00,-0.047069,1.0,0.540308,0.60518,BEARISH,BEARISH
2026-08-25T17:00:00+00:00,0.278538,1.0,0.552643,0.604003,NEUTRAL,BEARISH
2026-08-26T17:00:00+00:00,-0.067744,1.0,0.539522,0.605255,BULLISH,BULLISH
2026-08-27T17:00:00+00:00,0.230738,1.0,0.550836,0.604176,BEARISH,NEUTRAL
2026-08-28T17:00:00+00:00,-0.403152,1.0,0.526761,0.606466,NEUTRAL,
2026-08-31T17:00:00+00:00,-0.048003,1.0,0.540272,0.605184,BULLISH,
